Workbook

Sheet Overdue Submissions
A1: IntelliBI — Overdue Assignment Submissions Report
A2: Date: 05-Oct-2026 (Monday) | Generated: 05-Oct-2026 13:41:18 | Scope: Overdue assignments only | Total: 4309
A4: # | B4: Student Name | C4: Student Email | D4: Student Phone | E4: Course / Batch | F4: Subject / Duration | G4: Assignment | H4: Assigned Date | I4: Deadline | J4: Days Overdue | K4: Max Marks
A5: 1 | B5: Abhijeet Kankal | C5: abhijeetkankal2511@gmail.com | D5: +917972852259 | E5: PySpark | F5: 19-Nov-2024 To 07-Dec-2024 | G5: PySpark Assignment 1 | H5: 26-Nov-2024 | I5: 21-Dec-2024 | J5: 653
A6: 2 | B6: Abhishek Sutar | C6: abhisutar95@gmail.com | D6: +919545015530 | E6: PySpark | F6: 19-Nov-2024 To 07-Dec-2024 | G6: PySpark Assignment 1 | H6: 26-Nov-2024 | I6: 21-Dec-2024 | J6: 653
A7: 3 | B7: Aishwarya Kale | C7: aishwaryakale30@gmail.com | D7: +919028503189 | E7: PySpark | F7: 19-Nov-2024 To 07-Dec-2024 | G7: PySpark Assignment 1 | H7: 26-Nov-2024 | I7: 21-Dec-2024 | J7: 653
A8: 4 | B8: Ajit Komurlekar | C8: ajitkomurlekar@gmail.com | D8: +919757441754 | E8: PySpark | F8: 19-Nov-2024 To 07-Dec-2024 | G8: PySpark Assignment 1 | H8: 26-Nov-2024 | I8: 21-Dec-2024 | J8: 653
A9: 5 | B9: Akshay Dange | C9: akshayd7430@gmail.com | D9: +919028885783 | E9: PySpark | F9: 19-Nov-2024 To 07-Dec-2024 | G9: PySpark Assignment 1 | H9: 26-Nov-2024 | I9: 21-Dec-2024 | J9: 653
A10: 6 | B10: Akshay Deshbhratar | C10: asdeshbhratar@gmail.com | D10: +918888238622 | E10: PySpark | F10: 19-Nov-2024 To 07-Dec-2024 | G10: PySpark Assignment 1 | H10: 26-Nov-2024 | I10: 21-Dec-2024 | J10: 653
A11: 7 | B11: Ankita Sangle | C11: ankitasangle01@gmail.com | D11: +919834933532 | E11: PySpark | F11: 19-Nov-2024 To 07-Dec-2024 | G11: PySpark Assignment 1 | H11: 26-Nov-2024 | I11: 21-Dec-2024 | J11: 653
A12: 8 | B12: Biswajeet Singh | C12: bs.chandel97@gmail.com | D12: +919425686244 | E12: PySpark | F12: 19-Nov-2024 To 07-Dec-2024 | G12: PySpark Assignment 1 | H12: 26-Nov-2024 | I12: 21-Dec-2024 | J12: 653
A13: 9 | B13: Cyrus Masih | C13: masihcyrus10@gmail.com | D13: +919119432417 | E13: PySpark | F13: 19-Nov-2024 To 07-Dec-2024 | G13: PySpark Assignment 1 | H13: 26-Nov-2024 | I13: 21-Dec-2024 | J13: 653
A14: 10 | B14: Devendra Pataskar | C14: devdpat@gmail.com | D14: +919763975119 | E14: PySpark | F14: 19-Nov-2024 To 07-Dec-2024 | G14: PySpark Assignment 1 | H14: 26-Nov-2024 | I14: 21-Dec-2024 | J14: 653
A15: 11 | B15: Dhanashree Thakare | C15: dhanshreet21@gmail.com | D15: +919172157107 | E15: PySpark | F15: 19-Nov-2024 To 07-Dec-2024 | G15: PySpark Assignment 1 | H15: 26-Nov-2024 | I15: 21-Dec-2024 | J15: 653
A16: 12 | B16: Jyoti Pawar | C16: jyotipawar24823@gmail.com | D16: +919529149153 | E16: PySpark | F16: 19-Nov-2024 To 07-Dec-2024 | G16: PySpark Assignment 1 | H16: 26-Nov-2024 | I16: 21-Dec-2024 | J16: 653
... A40: 36 | B40: Yogita Khadke | C40: yogitakhadke48@gmail.com | D40: +918329099712 | E40: PySpark | F40: 19-Nov-2024 To 07-Dec-2024 | G40: PySpark Assignment 1 | H40: 26-Nov-2024 | I40: 21-Dec-2024 | J40: 653
A41: 37 | B41: Abhijeet Kankal | C41: abhijeetkankal2511@gmail.com | D41: +917972852259 | E41: Data Analyst (Power BI+MS Fabric) | F41: DA Apr 2024 | G41: Azure Assignment No 2 | H41: 10-Dec-2024 | I41: 23-Dec-2024 | J41: 651 | K41: 93
A42: 38 | B42: Ghanshyam Sadhu | C42: ghanshyamsadhu1975@gmail.com | D42: +918976130600 | E42: Data Analyst (Power BI+MS Fabric) | F42: DA Apr 2024 | G42: Azure Assignment No 2 | H42: 10-Dec-2024 | I42: 23-Dec-2024 | J42: 651 | K42: 93
A43: 39 | B43: Kajal Devkar | C43: devkarkajal77@gmail.com | D43: +918766930396 | E43: Data Analyst (Power BI+MS Fabric) | F43: DA Apr 2024 | G43: Azure Assignment No 2 | H43: 10-Dec-2024 | I43: 23-Dec-2024 | J43: 651 | K43: 93
A44: 40 | B44: Rameshwar Ingale | C44: rameshwar.ingale.7230@gmail.com | D44: +917447849559 | E44: Data Analyst (Power BI+MS Fabric) | F44: DA Apr 2024 | G44: Azure Assignment No 2 | H44: 10-Dec-2024 | I44: 23-Dec-2024 | J44: 651 | K44: 93
A45: 41 | B45: Rupali Mane | C45: manesrupali8@gmail.com | D45: +918080565806 | E45: Data Analyst (Power BI+MS Fabric) | F45: DA Apr 2024 | G45: Azure Assignment No 2 | H45: 10-Dec-2024 | I45: 23-Dec-2024 | J45: 651 | K45: 93
A46: 42 | B46: Swati Sonawane | C46: sonawane.swati21@gmail.com | D46: +919096438891 | E46: Data Analyst (Power BI+MS Fabric) | F46: DA Apr 2024 | G46: Azure Assignment No 2 | H46: 10-Dec-2024 | I46: 23-Dec-2024 | J46: 651 | K46: 93
A47: 43 | B47: Vishnu Mali | C47: vishnumali330443@gmail.com | D47: +9109923330443 | E47: Data Analyst (Power BI+MS Fabric) | F47: DA Apr 2024 | G47: Azure Assignment No 2 | H47: 10-Dec-2024 | I47: 23-Dec-2024 | J47: 651 | K47: 93
A48: 44 | B48: Abhishek Lodhi | C48: abhishekglodhi2001@gmail.com | D48: +918770413417 | E48: SQL | Python |Azure | F48: 10-Dec-2024 To 18-Jan-2025 | G48: T-SQL Assignment 2 | H48: 17-Dec-2024 | I48: 24-Dec-2024 | J48: 650 | K48: 20
A49: 45 | B49: Abhishek Raidas | C49: abhishek.raidas@gmail.com | D49: +919172948776 | E49: SQL | Python |Azure | F49: 10-Dec-2024 To 18-Jan-2025 | G49: T-SQL Assignment 2 | H49: 17-Dec-2024 | I49: 24-Dec-2024 | J49: 650 | K49: 20
A50: 46 | B50: Akshay Kale | C50: kaleakshay1297@gmail.com | D50: +917798480026 | E50: SQL | Python |Azure | F50: 10-Dec-2024 To 18-Jan-2025 | G50: T-SQL Assignment 2 | H50: 17-Dec-2024 | I50: 24-Dec-2024 | J50: 650 | K50: 20
A51: 47 | B51: Arati Sabane | C51: sabanearati96@gmail.com | D51: +919764879308 | E51: SQL | Python |Azure | F51: 10-Dec-2024 To 18-Jan-2025 | G51: T-SQL Assignment 2 | H51: 17-Dec-2024 | I51: 24-Dec-2024 | J51: 650 | K51: 20
A52: 48 | B52: Bhupen Bhosale | C52: bhupenbhosale96@gmail.com | D52: +918308123187 | E52: SQL | Python |Azure | F52: 10-Dec-2024 To 18-Jan-2025 | G52: T-SQL Assignment 2 | H52: 17-Dec-2024 | I52: 24-Dec-2024 | J52: 650 | K52: 20
... A246: 242 | B246: Yogesh Mangulkar | C246: yoghlearningcloud@gmail.com | D246: +919403018518 | E246: GCP | F246: 26-Nov-2024 To 21-May-2025 | G246: GCP Assignment No 2 | H246: 29-Jan-2025 | I246: 13-Feb-2025 | J246: 599 | K246: 60
A247: 243 | B247: Akshay Malviya | C247: malviyaakshay27@gmail.com | D247: +919325744590 | E247: SQL | Python | F247: 17-Feb-2025 To 10-Apr-2025 | G247: T-SQL Assignment 1 | H247: 02-Mar-2025 | I247: 09-Mar-2025 | J247: 575
A248: 244 | B248: Anuja Sisode | C248: anuja.s.shisode@gmail.com | D248: +919423738383 | E248: SQL | Python | F248: 17-Feb-2025 To 10-Apr-2025 | G248: T-SQL Assignment 1 | H248: 02-Mar-2025 | I248: 09-Mar-2025 | J248: 575
A249: 245 | B249: Ayush Atkari | C249: ayushatkari247@gmail.com | D249: +919022894473 | E249: SQL | Python | F249: 17-Feb-2025 To 10-Apr-2025 | G249: T-SQL Assignment 1 | H249: 02-Mar-2025 | I249: 09-Mar-2025 | J249: 575
A250: 246 | B250: Prashant Avhad | C250: avhadpr18@gmail.com | D250: +919309143115 | E250: SQL | Python | F250: 17-Feb-2025 To 10-Apr-2025 | G250: T-SQL Assignment 1 | H250: 02-Mar-2025 | I250: 09-Mar-2025 | J250: 575
A251: 247 | B251: Ruturaj Mane | C251: ruturajk.mane@gmail.com | D251: +917558450589 | E251: SQL | Python | F251: 17-Feb-2025 To 10-Apr-2025 | G251: T-SQL Assignment 1 | H251: 02-Mar-2025 | I251: 09-Mar-2025 | J251: 575
A252: 248 | B252: Sagar Gondane | C252: sagar.gondane12@gmail.com | D252: +917767861676 | E252: SQL | Python | F252: 17-Feb-2025 To 10-Apr-2025 | G252: T-SQL Assignment 1 | H252: 02-Mar-2025 | I252: 09-Mar-2025 | J252: 575
A253: 249 | B253: Sharda Thanage | C253: shardathanage38@gmail.com | D253: +919370359728 | E253: SQL | Python | F253: 17-Feb-2025 To 10-Apr-2025 | G253: T-SQL Assignment 1 | H253: 02-Mar-2025 | I253: 09-Mar-2025 | J253: 575
A254: 250 | B254: Swapnali Onkar | C254: swapzonkar@gmail.com | D254: +9108793575628 | E254: SQL | Python | F254: 17-Feb-2025 To 10-Apr-2025 | G254: T-SQL Assignment 1 | H254: 02-Mar-2025 | I254: 09-Mar-2025 | J254: 575
A255: 251 | B255: Vaibhav Khillari | C255: vaibhavkhilari123@gmail.com | D255: +917972134644 | E255: SQL | Python | F255: 17-Feb-2025 To 10-Apr-2025 | G255: T-SQL Assignment 1 | H255: 02-Mar-2025 | I255: 09-Mar-2025 | J255: 575
A256: 252 | B256: Akshay Malviya | C256: malviyaakshay27@gmail.com | D256: +919325744590 | E256: SQL | Python | F256: 17-Feb-2025 To 10-Apr-2025 | G256: T-SQL Assignment 2 | H256: 14-Mar-2025 | I256: 06-Apr-2025 | J256: 547
A257: 253 | B257: Anuja Sisode | C257: anuja.s.shisode@gmail.com | D257: +919423738383 | E257: SQL | Python | F257: 17-Feb-2025 To 10-Apr-2025 | G257: T-SQL Assignment 2 | H257: 14-Mar-2025 | I257: 06-Apr-2025 | J257: 547
A258: 254 | B258: Ayush Atkari | C258: ayushatkari247@gmail.com | D258: +919022894473 | E258: SQL | Python | F258: 17-Feb-2025 To 10-Apr-2025 | G258: T-SQL Assignment 2 | H258: 14-Mar-2025 | I258: 06-Apr-2025 | J258: 547
... A267: 263 | B267: Swapnali Onkar | C267: swapzonkar@gmail.com | D267: +9108793575628 | E267: SQL | Python | F267: 17-Feb-2025 To 10-Apr-2025 | G267: Python Assignment 1 | H267: 27-Mar-2025 | I267: 12-Apr-2025 | J267: 541
A268: 264 | B268: Abhishek Lodhi | C268: abhishekglodhi2001@gmail.com | D268: +918770413417 | E268: SQL | Python |Azure | F268: 10-Dec-2024 To 18-Jan-2025 | G268: Python Assignment 3 | H268: 14-Apr-2025 | I268: 20-Apr-2025 | J268: 533 | K268: 17
A269: 265 | B269: Abhishek Raidas | C269: abhishek.raidas@gmail.com | D269: +919172948776 | E269: SQL | Python |Azure | F269: 10-Dec-2024 To 18-Jan-2025 | G269: Python Assignment 3 | H269: 14-Apr-2025 | I269: 20-Apr-2025 | J269: 533 | K269: 17
A270: 266 | B270: Akhil Chukkalwar | C270: chukkalwarakhil@gmail.com | D270: +917887829209 | E270: SQL | Python |Azure | F270: 10-Dec-2024 To 18-Jan-2025 | G270: Python Assignment 3 | H270: 14-Apr-2025 | I270: 20-Apr-2025 | J270: 533 | K270: 17
A271: 267 | B271: Akshay Kale | C271: kaleakshay1297@gmail.com | D271: +917798480026 | E271: SQL | Python |Azure | F271: 10-Dec-2024 To 18-Jan-2025 | G271: Python Assignment 3 | H271: 14-Apr-2025 | I271: 20-Apr-2025 | J271: 533 | K271: 17
A272: 268 | B272: Anirudha Lomate | C272: anirudhlomte@gmail.com | D272: +917757056761 | E272: SQL | Python |Azure | F272: 10-Dec-2024 To 18-Jan-2025 | G272: Python Assignment 3 | H272: 14-Apr-2025 | I272: 20-Apr-2025 | J272: 533 | K272: 17
A273: 269 | B273: Arati Sabane | C273: sabanearati96@gmail.com | D273: +919764879308 | E273: SQL | Python |Azure | F273: 10-Dec-2024 To 18-Jan-2025 | G273: Python Assignment 3 | H273: 14-Apr-2025 | I273: 20-Apr-2025 | J273: 533 | K273: 17
A274: 270 | B274: Bhagyashri Shendre | C274: bhagyashrishendre1@gmail.com | D274: +919075321795 | E274: SQL | Python |Azure | F274: 10-Dec-2024 To 18-Jan-2025 | G274: Python Assignment 3 | H274: 14-Apr-2025 | I274: 20-Apr-2025 | J274: 533 | K274: 17
A275: 271 | B275: Bhupen Bhosale | C275: bhupenbhosale96@gmail.com | D275: +918308123187 | E275: SQL | Python |Azure | F275: 10-Dec-2024 To 18-Jan-2025 | G275: Python Assignment 3 | H275: 14-Apr-2025 | I275: 20-Apr-2025 | J275: 533 | K275: 17
A276: 272 | B276: Dipak Gonate | C276: dipakgonte@gmail.com | D276: +918412064866 | E276: SQL | Python |Azure | F276: 10-Dec-2024 To 18-Jan-2025 | G276: Python Assignment 3 | H276: 14-Apr-2025 | I276: 20-Apr-2025 | J276: 533 | K276: 17
A277: 273 | B277: Hemant Wagh | C277: waghhemant0921@gmail.com | D277: +919762669691 | E277: SQL | Python |Azure | F277: 10-Dec-2024 To 18-Jan-2025 | G277: Python Assignment 3 | H277: 14-Apr-2025 | I277: 20-Apr-2025 | J277: 533 | K277: 17
A278: 274 | B278: Kajal Patil | C278: kajalabhilashpatil@gmail.com | D278: +919741140051 | E278: SQL | Python |Azure | F278: 10-Dec-2024 To 18-Jan-2025 | G278: Python Assignment 3 | H278: 14-Apr-2025 | I278: 20-Apr-2025 | J278: 533 | K278: 17
A279: 275 | B279: Kiran Dhoble | C279: kirandhoble511@gmail.com | D279: +919850046163 | E279: SQL | Python |Azure | F279: 10-Dec-2024 To 18-Jan-2025 | G279: Python Assignment 3 | H279: 14-Apr-2025 | I279: 20-Apr-2025 | J279: 533 | K279: 17
... A296: 292 | B296: Vaishnavi Pingat | C296: vaishupingat06@gmail.com | D296: +918380027783 | E296: SQL | Python |Azure | F296: 10-Dec-2024 To 18-Jan-2025 | G296: Python Assignment 3 | H296: 14-Apr-2025 | I296: 20-Apr-2025 | J296: 533 | K296: 17
A297: 293 | B297: Akshay Malviya | C297: malviyaakshay27@gmail.com | D297: +919325744590 | E297: SQL | Python | F297: 17-Feb-2025 To 10-Apr-2025 | G297: Python Assignment 2 | H297: 14-Apr-2025 | I297: 21-Apr-2025 | J297: 532
A298: 294 | B298: Anuja Sisode | C298: anuja.s.shisode@gmail.com | D298: +919423738383 | E298: SQL | Python | F298: 17-Feb-2025 To 10-Apr-2025 | G298: Python Assignment 2 | H298: 14-Apr-2025 | I298: 21-Apr-2025 | J298: 532
A299: 295 | B299: Ayush Atkari | C299: ayushatkari247@gmail.com | D299: +919022894473 | E299: SQL | Python | F299: 17-Feb-2025 To 10-Apr-2025 | G299: Python Assignment 2 | H299: 14-Apr-2025 | I299: 21-Apr-2025 | J299: 532
A300: 296 | B300: Sagar Gondane | C300: sagar.gondane12@gmail.com | D300: +917767861676 | E300: SQL | Python | F300: 17-Feb-2025 To 10-Apr-2025 | G300: Python Assignment 2 | H300: 14-Apr-2025 | I300: 21-Apr-2025 | J300: 532
A301: 297 | B301: Sharda Thanage | C301: shardathanage38@gmail.com | D301: +919370359728 | E301: SQL | Python | F301: 17-Feb-2025 To 10-Apr-2025 | G301: Python Assignment 2 | H301: 14-Apr-2025 | I301: 21-Apr-2025 | J301: 532
A302: 298 | B302: Shivani Lagad | C302: shivanilagad5555@gmail.com | D302: +919552751361 | E302: SQL | Python | F302: 17-Feb-2025 To 10-Apr-2025 | G302: Python Assignment 2 | H302: 14-Apr-2025 | I302: 21-Apr-2025 | J302: 532
A303: 299 | B303: Swapnali Onkar | C303: swapzonkar@gmail.com | D303: +9108793575628 | E303: SQL | Python | F303: 17-Feb-2025 To 10-Apr-2025 | G303: Python Assignment 2 | H303: 14-Apr-2025 | I303: 21-Apr-2025 | J303: 532
A304: 300 | B304: Tejas Hande | C304: tejashande3001@gmail.com | D304: +917620303253 | E304: SQL | Python | F304: 17-Feb-2025 To 10-Apr-2025 | G304: Python Assignment 2 | H304: 14-Apr-2025 | I304: 21-Apr-2025 | J304: 532
A305: 301 | B305: Akshay Malviya | C305: malviyaakshay27@gmail.com | D305: +919325744590 | E305: SQL | Python | F305: 17-Feb-2025 To 10-Apr-2025 | G305: Python Assignment 3 | H305: 14-Apr-2025 | I305: 28-Apr-2025 | J305: 525
A306: 302 | B306: Anuja Sisode | C306: anuja.s.shisode@gmail.com | D306: +919423738383 | E306: SQL | Python | F306: 17-Feb-2025 To 10-Apr-2025 | G306: Python Assignment 3 | H306: 14-Apr-2025 | I306: 28-Apr-2025 | J306: 525
A307: 303 | B307: Ashish Patil | C307: patilap.cse@gmail.com | D307: +919423153335 | E307: SQL | Python | F307: 17-Feb-2025 To 10-Apr-2025 | G307: Python Assignment 3 | H307: 14-Apr-2025 | I307: 28-Apr-2025 | J307: 525
A308: 304 | B308: Ayush Atkari | C308: ayushatkari247@gmail.com | D308: +919022894473 | E308: SQL | Python | F308: 17-Feb-2025 To 10-Apr-2025 | G308: Python Assignment 3 | H308: 14-Apr-2025 | I308: 28-Apr-2025 | J308: 525
... A491: 487 | B491: Vanaja Thirunagari | C491: vanaja.thiru9991@gmail.com | D491: +9107416660976 | E491: Power BI Project | F491: 07-Jun-2024 To 30-Jun-2024 | G491: Power BI Project 1 Task 2 | H491: 23-Jun-2025 | I491: 30-Jun-2025 | J491: 462
A492: 488 | B492: Pravin B | C492: pbitraining24@gmail.com | D492: +919405458838 | E492: SQL | Python | F492: 26-May-2025 To 17-Jul-2025 | G492: T-SQL Assignment 1 | H492: 13-Jun-2025 | I492: 01-Jul-2025 | J492: 461 | K492: 10
A493: 489 | B493: Akshay Mahadik | C493: akshaymahadik714@gmail.com | D493: +919922917684 | E493: Power BI | F493: 19-May-2025 To 16-Jul-2025 | G493: Power BI Assignment 4 | H493: 01-Jul-2025 | I493: 06-Jul-2025 | J493: 456
A494: 490 | B494: Aman Meena | C494: amanmeena36901@gmail.com | D494: +919340943599 | E494: Power BI | F494: 19-May-2025 To 16-Jul-2025 | G494: Power BI Assignment 4 | H494: 01-Jul-2025 | I494: 06-Jul-2025 | J494: 456
A495: 491 | B495: Ashish Patil | C495: patilap.cse@gmail.com | D495: +919423153335 | E495: Power BI | F495: 19-May-2025 To 16-Jul-2025 | G495: Power BI Assignment 4 | H495: 01-Jul-2025 | I495: 06-Jul-2025 | J495: 456
A496: 492 | B496: Ashvini Wakade | C496: ashwini.wakade1999@gmail.com | D496: +918698659109 | E496: Power BI | F496: 19-May-2025 To 16-Jul-2025 | G496: Power BI Assignment 4 | H496: 01-Jul-2025 | I496: 06-Jul-2025 | J496: 456
A497: 493 | B497: Chetan Zope | C497: zopechetan10@gmail.com | D497: +919422144722 | E497: Power BI | F497: 19-May-2025 To 16-Jul-2025 | G497: Power BI Assignment 4 | H497: 01-Jul-2025 | I497: 06-Jul-2025 | J497: 456
A498: 494 | B498: Gitanjali Yadav | C498: gitanjali.yadav0108@gmail.com | D498: +919673002161 | E498: Power BI | F498: 19-May-2025 To 16-Jul-2025 | G498: Power BI Assignment 4 | H498: 01-Jul-2025 | I498: 06-Jul-2025 | J498: 456
A499: 495 | B499: Kanak Kawade | C499: kawadekanak@gmail.com | D499: +917498448103 | E499: Power BI | F499: 19-May-2025 To 16-Jul-2025 | G499: Power BI Assignment 4 | H499: 01-Jul-2025 | I499: 06-Jul-2025 | J499: 456
A500: 496 | B500: Lokaniketh Reddy | C500: niketh495@gmail.com | D500: +918919100921 | E500: Power BI | F500: 19-May-2025 To 16-Jul-2025 | G500: Power BI Assignment 4 | H500: 01-Jul-2025 | I500: 06-Jul-2025 | J500: 456
A501: 497 | B501: Mayuri Kutal | C501: mayurikutal95@gmail.com | D501: +918208392545 | E501: Power BI | F501: 19-May-2025 To 16-Jul-2025 | G501: Power BI Assignment 4 | H501: 01-Jul-2025 | I501: 06-Jul-2025 | J501: 456
A502: 498 | B502: Milind Jagtap | C502: milind.jagtap1282@gmail.com | D502: +919676089694 | E502: Power BI | F502: 19-May-2025 To 16-Jul-2025 | G502: Power BI Assignment 4 | H502: 01-Jul-2025 | I502: 06-Jul-2025 | J502: 456
A503: 499 | B503: Monica Chaure | C503: monikajagtap765@gmail.com | D503: +917499084170 | E503: Power BI | F503: 19-May-2025 To 16-Jul-2025 | G503: Power BI Assignment 4 | H503: 01-Jul-2025 | I503: 06-Jul-2025 | J503: 456
A504: 500 | B504: Neha Landge | C504: nehakardile1125@gmail.com | D504: +919309727098 | E504: Power BI | F504: 19-May-2025 To 16-Jul-2025 | G504: Power BI Assignment 4 | H504: 01-Jul-2025 | I504: 06-Jul-2025 | J504: 456
... A539: 535 | B539: Vaishnavi Pingat | C539: vaishupingat06@gmail.com | D539: +918380027783 | E539: Power BI | F539: 19-May-2025 To 16-Jul-2025 | G539: Power BI Project 1 Task 1 | H539: 01-Jul-2025 | I539: 09-Jul-2025 | J539: 453
A540: 536 | B540: Abhishek Lodhi | C540: abhishekglodhi2001@gmail.com | D540: +918770413417 | E540: DA Project | F540: 05-Jul-2025 To 09-Aug-2025 | G540: Mini Project | H540: 05-Jul-2025 | I540: 12-Jul-2025 | J540: 450 | K540: 20
A541: 537 | B541: Abhishek Raidas | C541: abhishek.raidas@gmail.com | D541: +919172948776 | E541: DA Project | F541: 05-Jul-2025 To 09-Aug-2025 | G541: Mini Project | H541: 05-Jul-2025 | I541: 12-Jul-2025 | J541: 450 | K541: 20
A542: 538 | B542: Akhil Chukkalwar | C542: chukkalwarakhil@gmail.com | D542: +917887829209 | E542: DA Project | F542: 05-Jul-2025 To 09-Aug-2025 | G542: Mini Project | H542: 05-Jul-2025 | I542: 12-Jul-2025 | J542: 450 | K542: 20
A543: 539 | B543: Anirudha Lomate | C543: anirudhlomte@gmail.com | D543: +917757056761 | E543: DA Project | F543: 05-Jul-2025 To 09-Aug-2025 | G543: Mini Project | H543: 05-Jul-2025 | I543: 12-Jul-2025 | J543: 450 | K543: 20
A544: 540 | B544: Bhagyashri Shendre | C544: bhagyashrishendre1@gmail.com | D544: +919075321795 | E544: DA Project | F544: 05-Jul-2025 To 09-Aug-2025 | G544: Mini Project | H544: 05-Jul-2025 | I544: 12-Jul-2025 | J544: 450 | K544: 20
A545: 541 | B545: Bhupen Bhosale | C545: bhupenbhosale96@gmail.com | D545: +918308123187 | E545: DA Project | F545: 05-Jul-2025 To 09-Aug-2025 | G545: Mini Project | H545: 05-Jul-2025 | I545: 12-Jul-2025 | J545: 450 | K545: 20
A546: 542 | B546: Dipak Gonate | C546: dipakgonte@gmail.com | D546: +918412064866 | E546: DA Project | F546: 05-Jul-2025 To 09-Aug-2025 | G546: Mini Project | H546: 05-Jul-2025 | I546: 12-Jul-2025 | J546: 450 | K546: 20
A547: 543 | B547: Hemant Wagh | C547: waghhemant0921@gmail.com | D547: +919762669691 | E547: DA Project | F547: 05-Jul-2025 To 09-Aug-2025 | G547: Mini Project | H547: 05-Jul-2025 | I547: 12-Jul-2025 | J547: 450 | K547: 20
A548: 544 | B548: Jayshri Lokhande | C548: jayshri27042024@gmail.com | D548: +917387182438 | E548: DA Project | F548: 05-Jul-2025 To 09-Aug-2025 | G548: Mini Project | H548: 05-Jul-2025 | I548: 12-Jul-2025 | J548: 450 | K548: 20
A549: 545 | B549: Kajal Patil | C549: kajalabhilashpatil@gmail.com | D549: +919741140051 | E549: DA Project | F549: 05-Jul-2025 To 09-Aug-2025 | G549: Mini Project | H549: 05-Jul-2025 | I549: 12-Jul-2025 | J549: 450 | K549: 20
A550: 546 | B550: Kiran Dhoble | C550: kirandhoble511@gmail.com | D550: +919850046163 | E550: DA Project | F550: 05-Jul-2025 To 09-Aug-2025 | G550: Mini Project | H550: 05-Jul-2025 | I550: 12-Jul-2025 | J550: 450 | K550: 20
A551: 547 | B551: Manesh Chavan | C551: mcmanish30@gmail.com | D551: +919272536131 | E551: DA Project | F551: 05-Jul-2025 To 09-Aug-2025 | G551: Mini Project | H551: 05-Jul-2025 | I551: 12-Jul-2025 | J551: 450 | K551: 20
... A569: 565 | B569: Virendra Patil | C569: virendrapatil540@gmail.com | D569: +919309512920 | E569: DA Project | F569: 05-Jul-2025 To 09-Aug-2025 | G569: Mini Project | H569: 05-Jul-2025 | I569: 12-Jul-2025 | J569: 450 | K569: 20
A570: 566 | B570: Aman Meena | C570: amanmeena36901@gmail.com | D570: +919340943599 | E570: Power BI | F570: 19-May-2025 To 16-Jul-2025 | G570: Power BI Project 1 Task 2 | H570: 08-Jul-2025 | I570: 17-Jul-2025 | J570: 445
A571: 567 | B571: Ashish Patil | C571: patilap.cse@gmail.com | D571: +919423153335 | E571: Power BI | F571: 19-May-2025 To 16-Jul-2025 | G571: Power BI Project 1 Task 2 | H571: 08-Jul-2025 | I571: 17-Jul-2025 | J571: 445
A572: 568 | B572: Chetan Zope | C572: zopechetan10@gmail.com | D572: +919422144722 | E572: Power BI | F572: 19-May-2025 To 16-Jul-2025 | G572: Power BI Project 1 Task 2 | H572: 08-Jul-2025 | I572: 17-Jul-2025 | J572: 445
A573: 569 | B573: Mayuri Kutal | C573: mayurikutal95@gmail.com | D573: +918208392545 | E573: Power BI | F573: 19-May-2025 To 16-Jul-2025 | G573: Power BI Project 1 Task 2 | H573: 08-Jul-2025 | I573: 17-Jul-2025 | J573: 445
A574: 570 | B574: Neha Landge | C574: nehakardile1125@gmail.com | D574: +919309727098 | E574: Power BI | F574: 19-May-2025 To 16-Jul-2025 | G574: Power BI Project 1 Task 2 | H574: 08-Jul-2025 | I574: 17-Jul-2025 | J574: 445
...

Sheet Summary by Course
A1: Overdue Submissions — Summary by Course / Batch
A3: Course / Batch | B3: Overdue Count
A4: AI (GenAI • Agentic AI • ML) | B4: =COUNTIF('Overdue Submissions'!$E$5:$E$4313,A4)
A5: AWS | B5: =COUNTIF('Overdue Submissions'!$E$5:$E$4313,A5)
A6: Advance Excel And R | B6: =COUNTIF('Overdue Submissions'!$E$5:$E$4313,A6)
A7: Advanced Excel | R | B7: =COUNTIF('Overdue Submissions'!$E$5:$E$4313,A7)
A8: Advanced Excel | R | Tableau | B8: =COUNTIF('Overdue Submissions'!$E$5:$E$4313,A8)
A9: Advanced Python | PySpark | B9: =COUNTIF('Overdue Submissions'!$E$5:$E$4313,A9)
A10: Apache Airflow | B10: =COUNTIF('Overdue Submissions'!$E$5:$E$4313,A10)
A11: Azure | B11: =COUNTIF('Overdue Submissions'!$E$5:$E$4313,A11)
A12: Azure Project | B12: =COUNTIF('Overdue Submissions'!$E$5:$E$4313,A12)
A13: Azure Project - A | B13: =COUNTIF('Overdue Submissions'!$E$5:$E$4313,A13)
A14: Azure Project - B | B14: =COUNTIF('Overdue Submissions'!$E$5:$E$4313,A14)
A15: Core Advanced Python | B15: =COUNTIF('Overdue Submissions'!$E$5:$E$4313,A15)
... A35: Tableau | ChatGPT | B35: =COUNTIF('Overdue Submissions'!$E$5:$E$4313,A35)
A36: TOTAL | B36: =SUM(B4:B35)
